{"cameraMode":{"drawMode":0,"name":"Shaded","section":"Shading Mode"},"sceneLighting":false,"audioPlay":false,"sceneViewState":{"showFog":true,"showMaterialUpdate":false,"showSkybox":true,"showFlares":true,"showImageEffects":true,"showParticleSystems":true},"in2DMode":false,"pivot":{"x":-4.635133266448975,"y":-4.173102378845215,"z":-1.817230224609375},"rotation":{"x":0.19584384560585023,"y":-0.23993144929409028,"z":0.0494857057929039,"w":0.9495428800582886},"size":12.354381561279297,"orthographic":false}