{"cameraMode":{"drawMode":0,"name":"Shaded","section":"Shading Mode"},"sceneLighting":true,"audioPlay":false,"sceneViewState":{"showFog":true,"showMaterialUpdate":false,"showSkybox":false,"showFlares":true,"showImageEffects":true,"showParticleSystems":true},"in2DMode":false,"pivot":{"x":-0.9415016174316406,"y":5.432581901550293,"z":-4.748004913330078},"rotation":{"x":0.3350147008895874,"y":0.2875254154205322,"z":-0.10813810676336289,"w":0.8908268809318543},"size":51.373863220214847,"orthographic":false}