{"cameraMode":{"drawMode":0,"name":"Shaded","section":"Shading Mode"},"sceneLighting":true,"audioPlay":false,"sceneViewState":{"showFog":true,"showMaterialUpdate":false,"showSkybox":true,"showFlares":true,"showImageEffects":true,"showParticleSystems":true},"in2DMode":false,"pivot":{"x":-65.7433090209961,"y":-19.06288719177246,"z":43.590091705322269},"rotation":{"x":0.1067543774843216,"y":-0.4223650097846985,"z":0.050149716436862949,"w":0.8988125920295715},"size":48.86700439453125,"orthographic":false}