{"cameraMode":{"drawMode":0,"name":"Shaded","section":"Shading Mode"},"sceneLighting":true,"audioPlay":false,"sceneViewState":{"showFog":true,"showMaterialUpdate":false,"showSkybox":true,"showFlares":true,"showImageEffects":true,"showParticleSystems":true},"in2DMode":false,"pivot":{"x":0.5398512482643127,"y":0.9310091733932495,"z":-13.05038070678711},"rotation":{"x":0.05965723469853401,"y":0.028657209128141404,"z":-0.0017086418811231852,"w":0.9978926181793213},"size":4.189804553985596,"orthographic":false}